{
    "code": 0,
    "msg": "",
    "count": 1000,
    "data": [
        {
            "id": 10000,
            "userClient": "高大上公司",
            "userName": "路飞",
            "userPhone": "13325865558",
            "price": "100",
            "id64": "id64",
            "memo": "很强势"
        },
        {
            "id": 10000,
            "userClient": "高大上公司",
            "userName": "索隆",
            "userPhone": "13325822258",
            "price": "100",
            "id64": "id64",
            "memo": "很强势"
        },
        {
            "id": 10000,
            "userClient": "高大上公司",
            "userName": "娜美",
            "userPhone": "13325832258",
            "price": "100",
            "id64": "id64",
            "memo": "很强势"
        }
    ]
}